{"Accels": [1.0084700093468328, 1.0156956635754348, 1.000811828134335], "AccelBias": [0.016621527445434055, 0.005496103361506459, 0.7935778731935434], "GyroBias": [0.014021757094300981, 0.04515059048399462, -0.013911234222617508], "Mags": [1.188632352411483, 1.1075892374743364, 0.7037784101141807], "MagBias": [-1.4002080928150966, 2.5670481701610104, -3.7998147118769685]}